[
    {
        "section": "الأكثر مبيعاً",
        "products": [
            {
                "id": "P001",
                "name": "شاورما فراخ سوري صغير",
                "price": 65.0,
                "description": "شاورما فراخ سوري صغير",
                "image": "./images/p001.jpg"
            },
            {
                "id": "P006",
                "name": "بطاطس سوري ",
                "price": 25.0,
                "description": "بطاطس سوري",
                "image": "./images/p006.jpg"
            }
        ]
    },
    {
        "section": "السندوتشات",
        "products": [
            {
                "id": "P001",
                "name": "شاورما فراخ سوري صغير",
                "price": 65.0,
                "description": "شاورما فراخ سوري صغير",
                "image": "./images/p001.jpg"
            },
            {
                "id": "P002",
                "name": "شاورما فراخ سوري كبير",
                "price": 75.0,
                "description": "شاورما فراخ سوري كبير",
                "image": "./images/p002.jpg"
            },
            {
                "id": "P003",
                "name": "شاورما فراخ فرنساوي ",
                "price": 60.0,
                "description": "شاورما فراخ فرنساوي",
                "image": "./images/p003.jpg"
            },
            {
                "id": "P004",
                "name": "شاورما فراخ موتزريلا ",
                "price": 75.0,
                "description": "شاورما فراخ موتزريلا",
                "image": "./images/p004.jpg"
            },
            {
                "id": "P005",
                "name": "شاورما فراخ بالبطاطس السوري ",
                "price": 55.0,
                "description": "شاورما فراخ بالبطاطس السوري",
                "image": "./images/p005.jpg"
            },
            {
                "id": "P006",
                "name": "بطاطس سوري ",
                "price": 25.0,
                "description": "بطاطس سوري",
                "image": "./images/p006.jpg"
            },
            {
                "id": "P007",
                "name": "بطاطس سوري اكس لارج",
                "price": 30.0,
                "description": "بطاطس سوري اكس لارج",
                "image": "./images/p007.jpg"
            },
            {
                "id": "P008",
                "name": "بطاطس موتزريلا",
                "price": 35.0,
                "description": "بطاطس موتزريلا",
                "image": "./images/p008.jpg"
            },
            {
                "id": "P009",
                "name": "شاورما بطاطس موتزريلا",
                "price": 80.0,
                "description": "شاورما بطاطس موتزريلا",
                "image": "./images/p009.jpg"
            },
            {
                "id": "P010",
                "name": "بطاطس سوري بصوص الشيدر",
                "price": 35.0,
                "description": "بطاطس سوري بصوص الشيدر",
                "image": "./images/p010.jpg"
            },
            {
                "id": "P011",
                "name": "بطاطس مكس جبن",
                "price": 40.0,
                "description": "بطاطس مكس جبن",
                "image": "./images/p011.jpg"
            },
            {
                "id": "P012",
                "name": "جبنة مقلية",
                "price": 30.0,
                "description": "جبنة مقلية",
                "image": "./images/p012.jpg"
            },
            {
                "id": "P013",
                "name": "كريسبي",
                "price": 55.0,
                "description": "كريسبي",
                "image": "./images/p013.jpg"
            },
            {
                "id": "P014",
                "name": "تشيكن كريسبي فرنساوي",
                "price": 55.0,
                "description": "تشيكن كريسبي فرنساوي",
                "image": "./images/p014.jpg"
            },
            {
                "id": "P015",
                "name": "زنجر",
                "price": 55.0,
                "description": "زنجر",
                "image": "./images/p015.jpg"
            },
            {
                "id": "P016",
                "name": "فاهيتا",
                "price": 50.0,
                "description": "فاهيتا",
                "image": "./images/p016.jpg"
            },
            {
                "id": "P017",
                "name": "كبدة",
                "price": 45.0,
                "description": "كبدة",
                "image": "./images/p017.jpg"
            },
            {
                "id": "P018",
                "name": "سجق",
                "price": 45.0,
                "description": "سجق",
                "image": "./images/p018.jpg"
            },
            {
                "id": "P019",
                "name": "بانيه كوكي",
                "price": 45.0,
                "description": "بانيه كوكي",
                "image": "./images/p019.jpg"
            }
        ]
    },
    {
        "section": "برجر اللحم",
        "products": [
            {
                "id": "P020",
                "name": "كلاسيك بيف سنجل",
                "price": 85.0,
                "description": "شرائح اللحم البقري المشوي مع صوص الجبنة المميز و حلقات الطماطم و الخس و الخيار المخلل",
                "image": "./images/p020.jpg"
            },
            {
                "id": "P021",
                "name": "كلاسيك بيف دابل",
                "price": 120.0,
                "description": "شرائح اللحم البقري المشوي مع صوص الجبنة المميز و حلقات الطماطم و الخس و الخيار المخلل",
                "image": "./images/p021.jpg"
            },
            {
                "id": "P022",
                "name": "بيف موتزريلا ستيك سنجل",
                "price": 95.0,
                "description": "شرائح اللحم البقري المشوي مع صوص الجبنة المميز و اصابع الموتزريلا و حلقات الطماطم و الخس و الخيار المخلل",
                "image": "./images/p022.jpg"
            },
            {
                "id": "P023",
                "name": "بيف موتزريلا ستيك دابل",
                "price": 130.0,
                "description": "شرائح اللحم البقري المشوي مع صوص الجبنة المميز و اصابع الموتزريلا و حلقات الطماطم و الخس و الخيار المخلل",
                "image": "./images/p023.jpg"
            },
            {
                "id": "P024",
                "name": "بيف برجر التاج سنجل",
                "price": 105.0,
                "description": "شرائح اللحم البقري المشوي مع اصابع الجبنة الموتزريلا و صوص الجبنة المميز و صوص البيج تيستي و التركي المدخن و البيف بيكون مع حلقات بصل انيون وحلقات الطماطم و الخص و الخيار المخلل",
                "image": "./images/p024.jpg"
            },
            {
                "id": "P025",
                "name": "بيف برجر التاج دابل",
                "price": 145.0,
                "description": "شرائح اللحم البقري المشوي مع اصابع الجبنة الموتزريلا و صوص الجبنة المميز و صوص البيج تيستي و التركي المدخن و البيف بيكون مع حلقات بصل انيون وحلقات الطماطم و الخص و الخيار المخلل",
                "image": "./images/p025.jpg"
            },
            {
                "id": "P026",
                "name": "سوبر بيف برجر سنجل",
                "price": 100.0,
                "description": "شرائح اللحم البقري المشوي مع صوص الجبنة المميز و صوص البيج تيستي و البصل المكرمل وحلقات الطماطم و الخص و الخيار المخلل",
                "image": "./images/p026.jpg"
            },
            {
                "id": "P027",
                "name": "سوبر بيف برجر دابل",
                "price": 135.0,
                "description": "شرائح اللحم البقري المشوي مع صوص الجبنة المميز و صوص البيج تيستي و البصل المكرمل وحلقات الطماطم و الخص و الخيار المخلل",
                "image": "./images/p027.jpg"
            }
        ]
    },
    {
        "section": "برجر الدجاج",
        "products": [
            {
                "id": "P028",
                "name": "كلاسيك تشيكن سنجل",
                "price": 80.0,
                "description": "صدور الدجاج المقرمشة مع صوص الجبنة المميز و حلقات الطماطم و الخس والخيار المخلل",
                "image": "./images/p028.jpg"
            },
            {
                "id": "P029",
                "name": "كلاسيك تشيكن دابل",
                "price": 115.0,
                "description": "صدور الدجاج المقرمشة مع صوص الجبنة المميز و حلقات الطماطم و الخس والخيار المخلل",
                "image": "./images/p029.jpg"
            },
            {
                "id": "P030",
                "name": "تشيكن موتزريلا ستيك سنجل",
                "price": 90.0,
                "description": "صدور الدجاج المقرمشة مع صوص الجبنة المميز و اصابع الموتزريلا و حلقات الطماطم و الخس والخيار المخلل",
                "image": "./images/p030.jpg"
            },
            {
                "id": "P031",
                "name": "تشيكن موتزريلا ستيك دابل",
                "price": 125.0,
                "description": "صدور الدجاج المقرمشة مع صوص الجبنة المميز و اصابع الموتزريلا و حلقات الطماطم و الخس والخيار المخلل",
                "image": "./images/p031.jpg"
            },
            {
                "id": "P032",
                "name": "تشيكن برجر التاج سنجل",
                "price": 100.0,
                "description": "صدور الدجاج المقرمشة مع التركي المدخن و البيف المدخن و صوص الجبنة المميز و صوص الرانش مع حلقات الطماطم و الخس و الخيار المخلل",
                "image": "./images/p032.jpg"
            },
            {
                "id": "P033",
                "name": "تشيكن برجر التاج دابل",
                "price": 140.0,
                "description": "صدور الدجاج المقرمشة مع التركي المدخن و البيف المدخن و صوص الجبنة المميز و صوص الرانش مع حلقات الطماطم و الخس و الخيار المخلل",
                "image": "./images/p033.jpg"
            }
        ]
    },
    {
        "section": "الكريب",
        "products": [
            {
                "id": "P034",
                "name": "كريب بطاطس",
                "price": 45.0,
                "description": "كريب بطاطس",
                "image": "./images/p034.jpg"
            },
            {
                "id": "P035",
                "name": "كريب بطاطس شاورما",
                "price": 65.0,
                "description": "كريب بطاطس شاورما",
                "image": "./images/p035.jpg"
            },
            {
                "id": "P036",
                "name": "كريب بطاطس بالكريسبي",
                "price": 65.0,
                "description": "كريب بطاطس بالكريسبي",
                "image": "./images/p036.jpg"
            },
            {
                "id": "P037",
                "name": "كريب بطاطس مكس جبن",
                "price": 60.0,
                "description": "كريب بطاطس مكس جبن",
                "image": "./images/p037.jpg"
            },
            {
                "id": "P038",
                "name": "كريب مشكل جبن",
                "price": 60.0,
                "description": "كريب مشكل جبن",
                "image": "./images/p038.jpg"
            },
            {
                "id": "P039",
                "name": "كريب تكساس كرانشي",
                "price": 100.0,
                "description": "كريسبي و صوص تكساس حار و بيف بيكون و موتزريلا",
                "image": "./images/p039.jpg"
            },
            {
                "id": "P040",
                "name": "كريب سوبر كرانشي",
                "price": 95.0,
                "description": "كريسبي و رومي مدخن و صوص تكساس حار و فلفل هاليبينو حار و موتزريلا",
                "image": "./images/p040.jpg"
            },
            {
                "id": "P041",
                "name": "كريب شاورما فراخ",
                "price": 85.0,
                "description": "كريب شاورما فراخ",
                "image": "./images/p041.jpg"
            },
            {
                "id": "P042",
                "name": "كريب فاهيتا",
                "price": 75.0,
                "description": "كريب فاهيتا",
                "image": "./images/p042.jpg"
            },
            {
                "id": "P043",
                "name": "كريب بانيه كوكي",
                "price": 70.0,
                "description": "كريب بانيه كوكي",
                "image": "./images/p043.jpg"
            },
            {
                "id": "P044",
                "name": "كريب كريسبي",
                "price": 80.0,
                "description": "كريب كريسبي",
                "image": "./images/p044.jpg"
            },
            {
                "id": "P045",
                "name": "كريب سجق",
                "price": 75.0,
                "description": "كريب سجق",
                "image": "./images/p045.jpg"
            },
            {
                "id": "P046",
                "name": "كريب مشكل لحوم",
                "price": 80.0,
                "description": "كريب مشكل لحوم",
                "image": "./images/p046.jpg"
            },
            {
                "id": "P047",
                "name": "كريب التاج السوري",
                "price": 90.0,
                "description": "كريب كونو يضاف اليه كريسبي-بانيه-بطاطس-ميكس جبن-خضار-زيتون-موتزريلا",
                "image": "./images/p047.jpg"
            }
        ]
    },
    {
        "section": "! متاح عمل اي كريب كونو !",
        "products": []
    },
    {
        "section": "البيتزا",
        "products": [
            {
                "id": "P048",
                "name": "بيتزا مارجريتا صغير",
                "price": 50.0,
                "description": "بيتزا مارجريتا صغير",
                "image": "./images/p048.jpg"
            },
            {
                "id": "P049",
                "name": "بيتزا مارجريتا وسط",
                "price": 65.0,
                "description": "بيتزا مارجريتا وسط",
                "image": "./images/p049.jpg"
            },
            {
                "id": "P050",
                "name": "بيتزا مارجريتا كبير",
                "price": 85.0,
                "description": "بيتزا مارجريتا كبير",
                "image": "./images/p050.jpg"
            },
            {
                "id": "P051",
                "name": "بيتزا مشكل جبن صغير",
                "price": 55.0,
                "description": "جبنة كيري-رومي-مثلثات-موتزريلا-صوص الطماطم-خضار-زيتون",
                "image": "./images/p051.jpg"
            },
            {
                "id": "P052",
                "name": "بيتزا مشكل جبن وسط",
                "price": 70.0,
                "description": "جبنة كيري-رومي-مثلثات-موتزريلا-صوص الطماطم-خضار-زيتون",
                "image": "./images/p052.jpg"
            },
            {
                "id": "P053",
                "name": "بيتزا مشكل جبن كبير",
                "price": 90.0,
                "description": "جبنة كيري-رومي-مثلثات-موتزريلا-صوص الطماطم-خضار-زيتون",
                "image": "./images/p053.jpg"
            },
            {
                "id": "P054",
                "name": "بيتزا كيري صغير",
                "price": 60.0,
                "description": "بيتزا كيري صغير",
                "image": "./images/p054.jpg"
            },
            {
                "id": "P055",
                "name": "بيتزا كيري وسط",
                "price": 75.0,
                "description": "بيتزا كيري وسط",
                "image": "./images/p055.jpg"
            },
            {
                "id": "P056",
                "name": "بيتزا كيري كبير",
                "price": 90.0,
                "description": "بيتزا كيري كبير",
                "image": "./images/p056.jpg"
            },
            {
                "id": "P057",
                "name": "بيتزا بسطرمة كيري وسط",
                "price": 90.0,
                "description": "بيتزا بسطرمة كيري وسط",
                "image": "./images/p057.jpg"
            },
            {
                "id": "P058",
                "name": "بيتزا بسطرمة كيري كبير",
                "price": 110.0,
                "description": "بيتزا بسطرمة كيري كبير",
                "image": "./images/p058.jpg"
            },
            {
                "id": "P059",
                "name": "بيتزا مفروم وسط",
                "price": 75.0,
                "description": "بيتزا مفروم وسط",
                "image": "./images/p059.jpg"
            },
            {
                "id": "P060",
                "name": "بيتزا مفروم كبير",
                "price": 95.0,
                "description": "بيتزا مفروم كبير",
                "image": "./images/p060.jpg"
            },
            {
                "id": "P061",
                "name": "بيتزا سجق وسط",
                "price": 80.0,
                "description": "بيتزا سجق وسط",
                "image": "./images/p061.jpg"
            },
            {
                "id": "P062",
                "name": "بيتزا سجق كبير",
                "price": 95.0,
                "description": "بيتزا سجق كبير",
                "image": "./images/p062.jpg"
            },
            {
                "id": "P063",
                "name": "بيتزا بسطرمة وسط",
                "price": 80.0,
                "description": "بيتزا بسطرمة وسط",
                "image": "./images/p063.jpg"
            },
            {
                "id": "P064",
                "name": "بيتزا بسطرمة كبير",
                "price": 100.0,
                "description": "بيتزا بسطرمة كبير",
                "image": "./images/p064.jpg"
            },
            {
                "id": "P065",
                "name": "بيتزا مشكل لحوم وسط",
                "price": 90.0,
                "description": "بيتزا مشكل لحوم وسط",
                "image": "./images/p065.jpg"
            },
            {
                "id": "P066",
                "name": "بيتزا مشكل لحوم كبير",
                "price": 110.0,
                "description": "بيتزا مشكل لحوم كبير",
                "image": "./images/p066.jpg"
            },
            {
                "id": "P067",
                "name": "بيتزا سوبر سوبريم وسط",
                "price": 85.0,
                "description": "هوت دوج-سلامي-رومي مدخن-موتزريلا-صوص الطماطم-خضار-زيتون",
                "image": "./images/p067.jpg"
            },
            {
                "id": "P068",
                "name": "بيتزا سوبر سوبريم كبير",
                "price": 105.0,
                "description": "هوت دوج-سلامي-رومي مدخن-موتزريلا-صوص الطماطم-خضار-زيتون",
                "image": "./images/p068.jpg"
            },
            {
                "id": "P069",
                "name": "بيتزا تشيكن كريسبي وسط",
                "price": 90.0,
                "description": "بيتزا تشيكن كريسبي وسط",
                "image": "./images/p069.jpg"
            },
            {
                "id": "P070",
                "name": "بيتزا تشيكن كريسبي كبير",
                "price": 110.0,
                "description": "بيتزا تشيكن كريسبي كبير",
                "image": "./images/p070.jpg"
            },
            {
                "id": "P071",
                "name": "بيتزا شاورما فراخ وسط",
                "price": 90.0,
                "description": "بيتزا شاورما فراخ وسط",
                "image": "./images/p071.jpg"
            },
            {
                "id": "P072",
                "name": "بيتزا شاورما فراخ كبير",
                "price": 110.0,
                "description": "بيتزا شاورما فراخ كبير",
                "image": "./images/p072.jpg"
            },
            {
                "id": "P073",
                "name": "بيتزا تشيكن رانش وسط",
                "price": 100.0,
                "description": "صدور دجاج-صوص رانش-موتزريلا-صوص الطماطم-خضار-زيتون",
                "image": "./images/p073.jpg"
            },
            {
                "id": "P074",
                "name": "بيتزا تشيكن رانش كبير",
                "price": 125.0,
                "description": "صدور دجاج-صوص رانش-موتزريلا-صوص الطماطم-خضار-زيتون",
                "image": "./images/p074.jpg"
            },
            {
                "id": "P075",
                "name": "بيتزا تشيكن باربيكيو وسط",
                "price": 100.0,
                "description": "بيتزا تشيكن باربيكيو وسط",
                "image": "./images/p075.jpg"
            },
            {
                "id": "P076",
                "name": "بيتزا تشيكن باربيكيو كبير",
                "price": 120.0,
                "description": "بيتزا تشيكن باربيكيو كبير",
                "image": "./images/p076.jpg"
            },
            {
                "id": "P077",
                "name": "بيتزا تشيكن كرانشي تكساس وسط",
                "price": 120.0,
                "description": "فراخ كريسبي-بيف بيكون-فلفل هاليبينو-صوص تكساس حار-موتزريلا-صوص طماطم",
                "image": "./images/p077.jpg"
            },
            {
                "id": "P078",
                "name": "بيتزا تشيكن كرانشي تكساس كبير",
                "price": 150.0,
                "description": "فراخ كريسبي-بيف بيكون-فلفل هاليبينو-صوص تكساس حار-موتزريلا-صوص طماطم",
                "image": "./images/p078.jpg"
            },
            {
                "id": "P079",
                "name": "بيتزا دبل بيبروني وسط",
                "price": 100.0,
                "description": "بيتزا دبل بيبروني وسط",
                "image": "./images/p079.jpg"
            },
            {
                "id": "P080",
                "name": "بيتزا دبل بيبروني كبير",
                "price": 130.0,
                "description": "بيتزا دبل بيبروني كبير",
                "image": "./images/p080.jpg"
            },
            {
                "id": "P081",
                "name": "بيتزا سي رانش وسط",
                "price": 140.0,
                "description": "جمبري-كابوريا-موتزريلا-صوص الطماطم-خضار-زيتون",
                "image": "./images/p081.jpg"
            },
            {
                "id": "P082",
                "name": "بيتزا سي رانش كبير",
                "price": 180.0,
                "description": "جمبري-كابوريا-موتزريلا-صوص الطماطم-خضار-زيتون",
                "image": "./images/p082.jpg"
            },
            {
                "id": "P083",
                "name": "بيتزا جمبري وسط",
                "price": 125.0,
                "description": "بيتزا جمبري وسط",
                "image": "./images/p083.jpg"
            },
            {
                "id": "P084",
                "name": "بيتزا جمبري كبير",
                "price": 160.0,
                "description": "بيتزا جمبري كبير",
                "image": "./images/p084.jpg"
            },
            {
                "id": "P085",
                "name": "بيتزا تونة قطع وسط",
                "price": 110.0,
                "description": "بيتزا تونة قطع وسط",
                "image": "./images/p085.jpg"
            },
            {
                "id": "P086",
                "name": "بيتزا تونة قطع كبير",
                "price": 130.0,
                "description": "بيتزا تونة قطع كبير",
                "image": "./images/p086.jpg"
            },
            {
                "id": "P087",
                "name": "بيتزا التاج السوري وسط",
                "price": 105.0,
                "description": "صدور دجاج-سلامي-ميكس جبن-موتزريلا-صوص الطماطم-خضار-زيتون",
                "image": "./images/p087.jpg"
            },
            {
                "id": "P088",
                "name": "بيتزا التاج السوري كبير",
                "price": 125.0,
                "description": "صدور دجاج-سلامي-ميكس جبن-موتزريلا-صوص الطماطم-خضار-زيتون",
                "image": "./images/p088.jpg"
            }
        ]
    },
    {
        "section": "حشو اطراف البيتزا 35 جنيه",
        "products": []
    },
    {
        "section": "الفطائر الحادقة",
        "products": [
            {
                "id": "P089",
                "name": "فطيرة مشكل جبن",
                "price": 110.0,
                "description": "فطيرة مشكل جبن",
                "image": "./images/p089.jpg"
            },
            {
                "id": "P090",
                "name": "فطيرة مفروم",
                "price": 130.0,
                "description": "فطيرة مفروم",
                "image": "./images/p090.jpg"
            },
            {
                "id": "P091",
                "name": "فطيرة سجق",
                "price": 130.0,
                "description": "فطيرة سجق",
                "image": "./images/p091.jpg"
            },
            {
                "id": "P092",
                "name": "فطيرة سجق كيري",
                "price": 135.0,
                "description": "فطيرة سجق كيري",
                "image": "./images/p092.jpg"
            },
            {
                "id": "P093",
                "name": "فطيرة موتزريلا",
                "price": 100.0,
                "description": "فطيرة موتزريلا",
                "image": "./images/p093.jpg"
            },
            {
                "id": "P094",
                "name": "فطيرة بسطرمة",
                "price": 145.0,
                "description": "فطيرة بسطرمة",
                "image": "./images/p094.jpg"
            },
            {
                "id": "P095",
                "name": "فطيرة بسطرمة كيري",
                "price": 150.0,
                "description": "فطيرة بسطرمة كيري",
                "image": "./images/p095.jpg"
            },
            {
                "id": "P096",
                "name": "فطيرة سجق بسطرمة كيري",
                "price": 165.0,
                "description": "فطيرة سجق بسطرمة كيري",
                "image": "./images/p096.jpg"
            },
            {
                "id": "P097",
                "name": "فطيرة مشكل لحوم",
                "price": 135.0,
                "description": "فطيرة مشكل لحوم",
                "image": "./images/p097.jpg"
            },
            {
                "id": "P098",
                "name": "فطيرة شاورما فراخ",
                "price": 145.0,
                "description": "فطيرة شاورما فراخ",
                "image": "./images/p098.jpg"
            },
            {
                "id": "P099",
                "name": "فطيرة تشيكن كريسبي",
                "price": 140.0,
                "description": "فطيرة تشيكن كريسبي",
                "image": "./images/p099.jpg"
            },
            {
                "id": "P100",
                "name": "فطيرة تشيكن رانش",
                "price": 155.0,
                "description": "فطيرة تشيكن رانش",
                "image": "./images/p100.jpg"
            }
        ]
    },
    {
        "section": "الفطائر الحلوة",
        "products": [
            {
                "id": "P101",
                "name": "فطيرة سكر",
                "price": 45.0,
                "description": "فطيرة سكر",
                "image": "./images/p101.jpg"
            },
            {
                "id": "P102",
                "name": "فطيرة كاستر",
                "price": 50.0,
                "description": "فطيرة كاستر",
                "image": "./images/p102.jpg"
            },
            {
                "id": "P103",
                "name": "فطيرة نوتيلا",
                "price": 60.0,
                "description": "فطيرة نوتيلا",
                "image": "./images/p103.jpg"
            },
            {
                "id": "P104",
                "name": "فطيرة نوتيلا وايت",
                "price": 60.0,
                "description": "فطيرة نوتيلا وايت",
                "image": "./images/p104.jpg"
            },
            {
                "id": "P105",
                "name": "فطيرة قشطة و عسل",
                "price": 60.0,
                "description": "فطيرة قشطة و عسل",
                "image": "./images/p105.jpg"
            },
            {
                "id": "P106",
                "name": "فطيرة بغاشة",
                "price": 60.0,
                "description": "فطيرة بغاشة",
                "image": "./images/p106.jpg"
            },
            {
                "id": "P107",
                "name": "فطيرة لوتس",
                "price": 60.0,
                "description": "فطيرة لوتس",
                "image": "./images/p107.jpg"
            },
            {
                "id": "P108",
                "name": "فطيرة التاج السوري",
                "price": 75.0,
                "description": "فطيرة التاج السوري",
                "image": "./images/p108.jpg"
            },
            {
                "id": "P109",
                "name": "فطيرة دبي",
                "price": 135.0,
                "description": "كنافة-بستاشيو-نوتيلا بلاك",
                "image": "./images/p109.jpg"
            },
            {
                "id": "P110",
                "name": "فطيرة بستاشيو",
                "price": 95.0,
                "description": "فطيرة بستاشيو",
                "image": "./images/p110.jpg"
            },
            {
                "id": "P111",
                "name": "فطيرة الفورسيزون",
                "price": 80.0,
                "description": "كاسترد-بستاشيو-لوتس-نوتيلا بلاك-نوتيلا وايت",
                "image": "./images/p111.jpg"
            }
        ]
    },
    {
        "section": "وجبات الشاورما",
        "products": [
            {
                "id": "P112",
                "name": "وجبة شاورما الماريا",
                "price": 105.0,
                "description": "عيش الماريا بحشو الشاورما و صوص الشيدر و التومية و مخلل خيار و نقدم معها بطاطس",
                "image": "./images/p112.jpg"
            },
            {
                "id": "P113",
                "name": "وجبة تشيزي ماريا",
                "price": 130.0,
                "description": "عيش الماريا بحشو الشاورما و صوص الشيدر و التومية و الموتزريلا و مخلل خيار و نقدم معها بطاطس",
                "image": "./images/p113.jpg"
            },
            {
                "id": "P114",
                "name": "وجبة شاورما عربي سنجل",
                "price": 100.0,
                "description": "قطع شاورما تقدم مع البطاطس و التومية و المخلل و المحمرة-6 قطع و اضافة الموتزريلا 10 جنيه",
                "image": "./images/p114.jpg"
            },
            {
                "id": "P115",
                "name": "وجبة شاورما عربي دبل",
                "price": 180.0,
                "description": "قطع شاورما تقدم مع البطاطس و التومية و المخلل و المحمرة-12 قطعة و اضافة الموتزريلا 10 جنيه",
                "image": "./images/p115.jpg"
            },
            {
                "id": "P116",
                "name": "فتة شاورما فراخ صغير",
                "price": 70.0,
                "description": "شرائح شاورما فراخ مع الارز البسمتي و العيش المحمص و التومية و المخلل",
                "image": "./images/p116.jpg"
            },
            {
                "id": "P117",
                "name": "فتة شاورما فراخ وسط",
                "price": 85.0,
                "description": "شرائح شاورما فراخ مع الارز البسمتي و العيش المحمص و التومية و المخلل",
                "image": "./images/p117.jpg"
            },
            {
                "id": "P118",
                "name": "فتة شاورما فراخ كبير",
                "price": 105.0,
                "description": "شرائح شاورما فراخ مع الارز البسمتي و العيش المحمص و التومية و المخلل",
                "image": "./images/p118.jpg"
            },
            {
                "id": "P119",
                "name": "فتة كريسبي صغير",
                "price": 70.0,
                "description": "قطع كريسبي يقدم معها ارز بسمتي و 2 لقمة عيش سوري و التومية و المخلل",
                "image": "./images/p119.jpg"
            },
            {
                "id": "P120",
                "name": "فتة كريسبي وسط",
                "price": 85.0,
                "description": "قطع كريسبي يقدم معها ارز بسمتي و 2 لقمة عيش سوري و التومية و المخلل",
                "image": "./images/p120.jpg"
            },
            {
                "id": "P121",
                "name": "فتة كريسبي كبير",
                "price": 105.0,
                "description": "قطع كريسبي يقدم معها ارز بسمتي و 2 لقمة عيش سوري و التومية و المخلل",
                "image": "./images/p121.jpg"
            },
            {
                "id": "P122",
                "name": "فتة ميكس صغير",
                "price": 90.0,
                "description": "تقدم مع شرائح الشاورما و قطع الكرسبي مع الارز البسمتي و التومية و عيش و مخلل",
                "image": "./images/p122.jpg"
            },
            {
                "id": "P123",
                "name": "فتة ميكس كبير",
                "price": 110.0,
                "description": "تقدم مع شرائح الشاورما و قطع الكرسبي مع الارز البسمتي و التومية و عيش و مخلل",
                "image": "./images/p123.jpg"
            },
            {
                "id": "P124",
                "name": "تورتة شاورما التاج",
                "price": 400.0,
                "description": "سندوتشات شاورما علي شكل تورتة و يقدم معها بطاطس و عيش محمص و تومية",
                "image": "./images/p124.jpg"
            },
            {
                "id": "P125",
                "name": "وجبة ربع كيلو شاورما",
                "price": 200.0,
                "description": "شرائح فراخ شاورما يقدم معها علبة تومية و علبة مخلل و باكت بطاطس و 2 لقمة عيش سوري",
                "image": "./images/p125.jpg"
            }
        ]
    },
    {
        "section": "وجبات الفراخ",
        "products": [
            {
                "id": "P126",
                "name": "وجبة ربع فرخة شواية ورك",
                "price": 95.0,
                "description": "ورك فرخة مشوية علي الطريفة السورية مع الارز البسمتي و التومية و المخلل و البطاطس",
                "image": "./images/p126.jpg"
            },
            {
                "id": "P127",
                "name": "وجبة ربع فرخة شواية صدر",
                "price": 115.0,
                "description": "صدر فرخة مشوية علي الطريفة السورية مع الارز البسمتي و التومية و المخلل و البطاطس",
                "image": "./images/p127.jpg"
            },
            {
                "id": "P128",
                "name": "وجبة نص فرخة شواية",
                "price": 175.0,
                "description": "نص فرخة مشوية علي الطريفة السورية مع الارز البسمتي و التومية و المخلل و البطاطس و عيش",
                "image": "./images/p128.jpg"
            },
            {
                "id": "P129",
                "name": "وجبة فرخة شواية",
                "price": 330.0,
                "description": "فرخة مشوية علي الطريفة السورية مع الارز البسمتي و التومية و المخلل و البطاطس و عيش",
                "image": "./images/p129.jpg"
            },
            {
                "id": "P130",
                "name": "وجبة فرخة شواية مع عيش و بطاطس فقط",
                "price": 280.0,
                "description": "فرخة مشوية علي الطريفة السورية مع البطاطس و عيش",
                "image": "./images/p130.jpg"
            },
            {
                "id": "P131",
                "name": "سناك بوكس",
                "price": 100.0,
                "description": "2 قطعة دجاج (ورك+صدر) + بطاطس + 1 عيش + تومية",
                "image": "./images/p131.jpg"
            },
            {
                "id": "P132",
                "name": "دينر بوكس",
                "price": 145.0,
                "description": "3 قطعة دجاج (2 قطعة ورك+قطعة صدر) + باكت بطاطس + 2 عيش + تومية + كلوسلو + ارز بسمتي",
                "image": "./images/p132.jpg"
            },
            {
                "id": "P133",
                "name": "جولدن بوكس",
                "price": 190.0,
                "description": "4 قطعة دجاج (2 قطعة ورك+2 قطعة صدر) + باكت بطاطس + 3 عيش + تومية + كلوسلو + صوص شيدر + ارز بسمتي",
                "image": "./images/p133.jpg"
            },
            {
                "id": "P134",
                "name": "بابا الفرايد",
                "price": 330.0,
                "description": "7 قطع دجاج بروستد - باكت بطاطس - 2 ارز بسمتي - 6 عيش - 2 صوص شيدر - 2 تومية - 2 كلوسلو",
                "image": "./images/p134.jpg"
            },
            {
                "id": "P135",
                "name": "سوبر بابا الفرايد",
                "price": 485.0,
                "description": "12 قطعة دجاج بروستد - 2 باكت بطاطس - 3 ارز بسمتي - 3 عيش - 2 صوص شيدر - 2 تومية - 2 كلوسلو",
                "image": "./images/p135.jpg"
            },
            {
                "id": "P136",
                "name": "وجبة كريسبي 2 قطعة",
                "price": 90.0,
                "description": "صدور الدجاج المقرمشة المتبلة بخلطة التاج السوري السرية تقدم مع البطاطس المقلية و التومية و عيش و ارز",
                "image": "./images/p136.jpg"
            },
            {
                "id": "P137",
                "name": "وجبة كريسبي 4 قطع",
                "price": 140.0,
                "description": "صدور الدجاج المقرمشة المتبلة بخلطة التاج السوري السرية تقدم مع البطاطس المقلية و التومية و عيش و ارز",
                "image": "./images/p137.jpg"
            },
            {
                "id": "P138",
                "name": "ريزو التاج",
                "price": 70.0,
                "description": "قطع الكريسبي المقرمشة مع الارز البسمتي و صوص الريزو",
                "image": "./images/p138.jpg"
            }
        ]
    },
    {
        "section": "المكرونات",
        "products": [
            {
                "id": "P139",
                "name": "مكرونة سادة",
                "price": 60.0,
                "description": "مكرونة سادة",
                "image": "./images/p139.jpg"
            },
            {
                "id": "P140",
                "name": "مكرونة مشكل جبن",
                "price": 75.0,
                "description": "مكرونة مشكل جبن",
                "image": "./images/p140.jpg"
            },
            {
                "id": "P141",
                "name": "مكرونة الكريسبي",
                "price": 85.0,
                "description": "مكرونة الكريسبي",
                "image": "./images/p141.jpg"
            },
            {
                "id": "P142",
                "name": "مكرونة الفراخ",
                "price": 85.0,
                "description": "مكرونة الفراخ",
                "image": "./images/p142.jpg"
            },
            {
                "id": "P143",
                "name": "مكرونة مفروم",
                "price": 85.0,
                "description": "مكرونة مفروم",
                "image": "./images/p143.jpg"
            },
            {
                "id": "P144",
                "name": "مكرونة مشكل لحوم",
                "price": 85.0,
                "description": "مكرونة مشكل لحوم",
                "image": "./images/p144.jpg"
            },
            {
                "id": "P145",
                "name": "مكرونة بسطرمة",
                "price": 95.0,
                "description": "مكرونة بسطرمة",
                "image": "./images/p145.jpg"
            },
            {
                "id": "P146",
                "name": "مكرونة الجمبري",
                "price": 120.0,
                "description": "مكرونة الجمبري",
                "image": "./images/p146.jpg"
            }
        ]
    },
    {
        "section": "المقبلات",
        "products": [
            {
                "id": "P147",
                "name": "باكت بطاطس",
                "price": 15.0,
                "description": "",
                "image": "./images/p147.jpg"
            },
            {
                "id": "P148",
                "name": "مشروب ماكسي كولا",
                "price": 10.0,
                "description": "",
                "image": "./images/p148.jpg"
            },
            {
                "id": "P149",
                "name": "طبق ارز بسمتي",
                "price": 20.0,
                "description": "",
                "image": "./images/p149.jpg"
            },
            {
                "id": "P150",
                "name": "خبز سوري",
                "price": 3.0,
                "description": "",
                "image": "./images/p150.jpg"
            },
            {
                "id": "P151",
                "name": "علبة هاليبينو",
                "price": 10.0,
                "description": "",
                "image": "./images/p151.jpg"
            },
            {
                "id": "P152",
                "name": "علبة خيار مخلل",
                "price": 10.0,
                "description": "",
                "image": "./images/p152.jpg"
            },
            {
                "id": "P153",
                "name": "علبة مخلل مشكل",
                "price": 5.0,
                "description": "",
                "image": "./images/p153.jpg"
            },
            {
                "id": "P154",
                "name": "تذكرة كاتشب",
                "price": 1.0,
                "description": "",
                "image": "./images/p154.jpg"
            },
            {
                "id": "P155",
                "name": "علبة تومية",
                "price": 10.0,
                "description": "",
                "image": "./images/p155.jpg"
            },
            {
                "id": "P156",
                "name": "علبة صوص تكساس",
                "price": 15.0,
                "description": "",
                "image": "./images/p156.jpg"
            },
            {
                "id": "P157",
                "name": "علبة صوص رانش",
                "price": 15.0,
                "description": "",
                "image": "./images/p157.jpg"
            },
            {
                "id": "P158",
                "name": "علبة صوص تايجر",
                "price": 15.0,
                "description": "",
                "image": "./images/p158.jpg"
            },
            {
                "id": "P159",
                "name": "علبة صوص شيدر",
                "price": 15.0,
                "description": "",
                "image": "./images/p159.jpg"
            },
            {
                "id": "P160",
                "name": "علبة صوص باربكيو",
                "price": 15.0,
                "description": "",
                "image": "./images/p160.jpg"
            },
            {
                "id": "P161",
                "name": "علبة كولوسلو",
                "price": 15.0,
                "description": "",
                "image": "./images/p161.jpg"
            }
        ]
    }
]